code,name,category,description,is_active
A111-01,Incorporate climate change and climate variability considerations in policies and institutions,Adaptation,1 - Food Security; 1 - Agriculture and Livestock; 1 - Policy Development and Governance,TRUE
A111-02,Regulate commodity shifting and agricultural land conversion,Adaptation,1 - Food Security; 1 - Agriculture and Livestock; 1 - Policy Development and Governance,TRUE
A111-03,Design and implement climate change risk transfer and social protection mechanisms in agriculture and fisheries,Adaptation,1 - Food Security; 1 - Agriculture and Livestock; 1 - Policy Development and Governance,TRUE
A111-04,Incorporate risks from climate change and climate variability in irrigation/water management planning,Adaptation,1 - Food Security; 1 - Agriculture and Livestock; 1 - Policy Development and Governance,TRUE
A112-01,"Conduct agricultural vulnerability and risk assessments, impact assessments and simulation models on major crops and livestock",Adaptation,"1 - Food Security; 1 - Agriculture and Livestock; 2 - Research, Development and Extension",TRUE
A112-02,"Develop, test and popularize climate-resilient crop and livestock production systems and technologies",Adaptation,"1 - Food Security; 1 - Agriculture and Livestock; 2 - Research, Development and Extension",TRUE
A112-03,"Research on new threats to agriculture, fishing, and forestry from CC and CV",Adaptation,"1 - Food Security; 1 - Agriculture and Livestock; 2 - Research, Development and Extension",TRUE
A112-04,Produce and distribute climate resilient rice varieties,Adaptation,"1 - Food Security; 1 - Agriculture and Livestock; 2 - Research, Development and Extension",TRUE
A113-01,"Awareness raising of risks from climate change, or/and benefits of adaptation",Adaptation,1 - Food Security; 1 - Agriculture and Livestock; 3 - Knowledge Sharing and Capacity Building,TRUE
A113-02,Establish climate information systems and database/resource network for agriculture and fisheries sectors,Adaptation,1 - Food Security; 1 - Agriculture and Livestock; 3 - Knowledge Sharing and Capacity Building,TRUE
A113-03,Establish and/or popularize farmers' field school/climate field school to demonstrate best adaptation practices,Adaptation,1 - Food Security; 1 - Agriculture and Livestock; 3 - Knowledge Sharing and Capacity Building,TRUE
A113-04,Develop formal and non-formal training programs on climate change adaptation (CCA) and disaster risk reduction (DRR),Adaptation,1 - Food Security; 1 - Agriculture and Livestock; 3 - Knowledge Sharing and Capacity Building,TRUE
A113-06,Conduct of non-farm entrepreneurial courses,Adaptation,1 - Food Security; 1 - Agriculture and Livestock; 3 - Knowledge Sharing and Capacity Building,TRUE
A113-07,Conduct Slope Agriculture Land Technology (SALT) training and other soil conservation measures in sloping lands for farmers,Adaptation,1 - Food Security; 1 - Agriculture and Livestock; 3 - Knowledge Sharing and Capacity Building,TRUE
A113-08,Improve the adaptive capacity of farmers and fisherfolk through the provision of relevant technologies and information,Adaptation,1 - Food Security; 1 - Agriculture and Livestock; 3 - Knowledge Sharing and Capacity Building,TRUE
A114-01,Establish early warning systems for agriculture,Adaptation,1 - Food Security; 1 - Agriculture and Livestock; 4 - Service Delivery,TRUE
A114-02,"Introduce or expand soil management practices that control soil erosion, nutrient loss and improve the water regime in the soil profile",Adaptation,1 - Food Security; 1 - Agriculture and Livestock; 4 - Service Delivery,TRUE
A114-03,Introduce or expand use of crops or crop mix more suited to climate change and climate variability,Adaptation,1 - Food Security; 1 - Agriculture and Livestock; 4 - Service Delivery,TRUE
A114-04,Reduce vulnerability of crop storage facilities and irrigation systems to climate change and climate variability,Adaptation,1 - Food Security; 1 - Agriculture and Livestock; 4 - Service Delivery,TRUE
A114-05,"Construct/Repair/Rehabilitate national and communal irrigation systems, dams and water storage systems to manage changes in the water cycle due to climate change and climate variability",Adaptation,1 - Food Security; 1 - Agriculture and Livestock; 4 - Service Delivery,TRUE
A114-06,Introduce weather or climate indexed insurance programs (e.g. crop insurance),Adaptation,1 - Food Security; 1 - Agriculture and Livestock; 4 - Service Delivery,TRUE
A114-08,"Change management practices or techniques to reduce vulnerability to climate change and climate variability in animal health service, pasture management, fodder production and storage practices",Adaptation,1 - Food Security; 1 - Agriculture and Livestock; 4 - Service Delivery,TRUE
A114-09,Develop innovative financing mechanisms to provide seed capital for the implementation of CCA among farmers and fisherfolks organization,Adaptation,1 - Food Security; 1 - Agriculture and Livestock; 4 - Service Delivery,TRUE
A114-10,"Construct water impounding dams, rainwater harvesting facilities for irrigation, and water storage systems to manage changes in the water cycle due to CC and CV",Adaptation,1 - Food Security; 1 - Agriculture and Livestock; 4 - Service Delivery,TRUE
A114-11,Construct crop storage facilities that consider climate change and variability,Adaptation,1 - Food Security; 1 - Agriculture and Livestock; 4 - Service Delivery,TRUE
A114-12,Promote agro-forestry such as cacao/ coffee/rubber production and seedling distribution,Adaptation,1 - Food Security; 1 - Agriculture and Livestock; 4 - Service Delivery,TRUE
A114-13,Establish Integrated Pests Management,Adaptation,1 - Food Security; 1 - Agriculture and Livestock; 4 - Service Delivery,TRUE
A114-14,Develop climate resilient livestock production system and technologies,Adaptation,1 - Food Security; 1 - Agriculture and Livestock; 4 - Service Delivery,TRUE
A121-02,Formulate/implement ordinances on reversion of abandoned fishponds back to mangroves,Adaptation,1 - Food Security; 2 - Fisheries; 1 - Policy Development and Governance,TRUE
A121-03,Harmonize climate change adaptation plans in local resource management and local fisheries development,Adaptation,1 - Food Security; 2 - Fisheries; 1 - Policy Development and Governance,TRUE
A122-01,Conduct of provincial-level vulnerability and risk assessments for fisheries,Adaptation,"1 - Food Security; 2 - Fisheries; 2 - Research, Development and Extension",TRUE
A122-02,"Conduct researches on best practices in fisheries and coastal climate change adaptation, technologies and tools",Adaptation,"1 - Food Security; 2 - Fisheries; 2 - Research, Development and Extension",TRUE
A122-04,Develop and/or update climate change R&D agenda for fisheries sectors,Adaptation,"1 - Food Security; 2 - Fisheries; 2 - Research, Development and Extension",TRUE
A122-05,Promote fish farming and aquaculture practices or techniques to reduce vulnerability to CC&CV (i.e. due to changes in water quality or variation in fishing season).,Adaptation,"1 - Food Security; 2 - Fisheries; 2 - Research, Development and Extension",TRUE
A122-06,Establish climate information systems and database for fisheries sector,Adaptation,"1 - Food Security; 2 - Fisheries; 2 - Research, Development and Extension",TRUE
A123-01,Establish a resource network / information system and database on climate change and fisheries,Adaptation,1 - Food Security; 2 - Fisheries; 3 - Knowledge Sharing and Capacity Building,TRUE
A124-02,Establish early warning systems for fisheries,Adaptation,1 - Food Security; 2 - Fisheries; 4 - Service Delivery,TRUE
A211-01,"Develop ordinances, policies and guidelines for water conservation, allocation, recycling and reuse",Adaptation,2 - Water Sufficiency; 1 - Water Supply; 1 - Policy Development and Governance,TRUE
A211-02,Review and streamline existing water resources management and institutional structure and policies,Adaptation,2 - Water Sufficiency; 1 - Water Supply; 1 - Policy Development and Governance,TRUE
A211-03,Develop and implement a comprehensive ground water management program that includes vulnerability assessment,Adaptation,2 - Water Sufficiency; 1 - Water Supply; 1 - Policy Development and Governance,TRUE
A211-04,Develop public financing mechanism for water supply infrastructures rehabilitation and development,Adaptation,2 - Water Sufficiency; 1 - Water Supply; 1 - Policy Development and Governance,TRUE
A211-05,"Incorporate risks from climate change and climate variability in water, sanitation and flood protection planning",Adaptation,2 - Water Sufficiency; 1 - Water Supply; 1 - Policy Development and Governance,TRUE
A211-06,"Review financing, tariffs, and system of incentives to reflect the full cost of providing safe water",Adaptation,2 - Water Sufficiency; 1 - Water Supply; 1 - Policy Development and Governance,TRUE
A212-01,"Study ""low cost, no regrets"" adaptation measures and technologies under various hydrologic conditions, supply-demand conditions, and policy scenarios for surface and groundwater systems",Adaptation,"2 - Water Sufficiency; 1 - Water Supply; 2 - Research, Development and Extension",TRUE
A212-02,Define areas not suitable for large water infrastructure development and settlements based on vulnerability assessment,Adaptation,"2 - Water Sufficiency; 1 - Water Supply; 2 - Research, Development and Extension",TRUE
A212-03,Conduct ground water resource vulnerability and recharge areas assessment in water stressed cities,Adaptation,"2 - Water Sufficiency; 1 - Water Supply; 2 - Research, Development and Extension",TRUE
A212-05,Identify alternative water sources and demand management especially for urbanized areas that rely on reservoirs and are prone to recurrent and severe drought events,Adaptation,"2 - Water Sufficiency; 1 - Water Supply; 2 - Research, Development and Extension",TRUE
A212-06,Study and adopt centralized wastewater treatment systems to improve quality in highly urbanized and densely populated areas,Adaptation,"2 - Water Sufficiency; 1 - Water Supply; 2 - Research, Development and Extension",TRUE
A212-07,Conduct water resource supply and demand analysis under various hydrologic conditions and climate scenarios,Adaptation,"2 - Water Sufficiency; 1 - Water Supply; 2 - Research, Development and Extension",TRUE
A212-08,Incorporate water cycles change from CC & CV into trans-boundary water basin planning,Adaptation,"2 - Water Sufficiency; 1 - Water Supply; 2 - Research, Development and Extension",TRUE
A213-01,Training for community-based water associations to manage water supply infrastructures,Adaptation,2 - Water Sufficiency; 1 - Water Supply; 3 - Knowledge Sharing and Capacity Building,TRUE
A213-02,Conduct Integrated Water Resource Management and CC adaptation and disaster risk reduction training for vulnerable communities,Adaptation,2 - Water Sufficiency; 1 - Water Supply; 3 - Knowledge Sharing and Capacity Building,TRUE
A213-03,"Develop gendered and accessible knowledge products and IEC materials that include local and indigenous knowledge on water resources management, CC impacts on water resources and adaptation best practices",Adaptation,2 - Water Sufficiency; 1 - Water Supply; 3 - Knowledge Sharing and Capacity Building,TRUE
A213-04,Develop and network government database on water resources and users,Adaptation,2 - Water Sufficiency; 1 - Water Supply; 3 - Knowledge Sharing and Capacity Building,TRUE
A214-01,Incorporate climate change and climate variability in water supply infrastructure/ Rehabilitate water infrastructure with climate lens (use of climate projections and other relevant climate data),Adaptation,2 - Water Sufficiency; 1 - Water Supply; 4 - Service Delivery,TRUE
A214-02,Construct new and expand existing water supply infrastructures for waterless communities,Adaptation,2 - Water Sufficiency; 1 - Water Supply; 4 - Service Delivery,TRUE
A214-03,Treatment of wastewater for conservation/re-use purposes to respond to declines in water availability due to climate change and climate variability,Adaptation,2 - Water Sufficiency; 1 - Water Supply; 4 - Service Delivery,TRUE
A214-04,"Incorporate changes in design of sanitation systems, wastewater treatment and disposal system in response to extreme weather and flood events arising from climate change and climate variability",Adaptation,2 - Water Sufficiency; 1 - Water Supply; 4 - Service Delivery,TRUE
A214-05,Implement/install water harvesting technologies (e.g. small water impounding project),Adaptation,2 - Water Sufficiency; 1 - Water Supply; 4 - Service Delivery,TRUE
A221-01,"Formulate and implement ordinances and policies for rain water collection, such small water impoundments, retarding basins, mini dams to address water shortage and flooding",Adaptation,2 - Water Sufficiency; 2 - Flood Protection; 1 - Policy Development and Governance,TRUE
A221-02,"Design guidelines, emergency protocols, and encourage preparedness and risk/contingency planning in communities that are at risk to present or future flooding",Adaptation,2 - Water Sufficiency; 2 - Flood Protection; 1 - Policy Development and Governance,TRUE
A222-01,"Conduct vulnerability assessments in communities, LGUs, and sectors that are at risk to present or future flooding",Adaptation,"2 - Water Sufficiency; 2 - Flood Protection; 2 - Research, Development and Extension",TRUE
A222-02,"Improve hydromet infrastructure and monitoring systems for data collection and management and the development and delivery of information, products and services to increase flood resilience",Adaptation,"2 - Water Sufficiency; 2 - Flood Protection; 2 - Research, Development and Extension",TRUE
A222-03,Develop innovative technologies and methodologies to communicating flood emergency information and longer-term risks of flooding to relevant populations and communities,Adaptation,"2 - Water Sufficiency; 2 - Flood Protection; 2 - Research, Development and Extension",TRUE
A223-01,"Build local capacity for the management of climate change and extreme flood risks, and increase capacity in conducting vulnerability assessments",Adaptation,2 - Water Sufficiency; 2 - Flood Protection; 3 - Knowledge Sharing and Capacity Building,TRUE
A223-02,Increase knowledge to consider climate change information and climate risk in water resources management,Adaptation,2 - Water Sufficiency; 2 - Flood Protection; 3 - Knowledge Sharing and Capacity Building,TRUE
A224-01,Incorporate climate change and climate variability in design standards for flood control and drainage systems,Adaptation,2 - Water Sufficiency; 2 - Flood Protection; 4 - Service Delivery,TRUE
A224-02,"Improve resilience of infrastructure (bridges, water supply, community infrastructure, water storage, coastal defense, etc) to account for climate change and climate variability related extreme weather and climate variability that could increase flood risks in infrastructure",Adaptation,2 - Water Sufficiency; 2 - Flood Protection; 4 - Service Delivery,TRUE
A224-03,"Protect or re-establish mangrove forests, wetlands, and other ecosystems as protection against floods risks",Adaptation,2 - Water Sufficiency; 2 - Flood Protection; 4 - Service Delivery,TRUE
A224-05,Improve early warning information and alert systems to increase readiness to extreme flood risks,Adaptation,2 - Water Sufficiency; 2 - Flood Protection; 4 - Service Delivery,TRUE
A231-02,"Design guidance for incorporating climate change risk into water sanitation and treatment planning, operation, and management (including accounting for increased construction and maintenance costs that account for climate risk)",Adaptation,2 - Water Sufficiency; 3 - Water and Sanitation; 1 - Policy Development and Governance,TRUE
A231-03,"Incorporate risk of sea level rise, storm surge, and saltwater intrusion on the design and upgrades of coastal water sanitation infrastructure",Adaptation,2 - Water Sufficiency; 3 - Water and Sanitation; 1 - Policy Development and Governance,TRUE
A232-01,"Study and adopt centralized wastewater treatment systems to improve quality in highly urbanized and densely populated areas with respect to increased flooding, storm surge, and extreme precipitation events",Adaptation,"2 - Water Sufficiency; 3 - Water and Sanitation; 2 - Research, Development and Extension",TRUE
A232-02,Conduct vulnerability assessments for the sanitation and treatment of water supply,Adaptation,"2 - Water Sufficiency; 3 - Water and Sanitation; 2 - Research, Development and Extension",TRUE
A233-01,Increase local knowledge for how to consider climate change information and climate risk in water quality and wastewater treatment,Adaptation,2 - Water Sufficiency; 3 - Water and Sanitation; 3 - Knowledge Sharing and Capacity Building,TRUE
A234-01,Expand the establishment of alternative micro-water purification systems especially to areas that cannot be reached by safe water supply,Adaptation,2 - Water Sufficiency; 3 - Water and Sanitation; 4 - Service Delivery,TRUE
A234-02,Monitor impact of climate change and climate variability as part of water resource management,Adaptation,2 - Water Sufficiency; 3 - Water and Sanitation; 4 - Service Delivery,TRUE
A234-03,"Incorporate changes in design of sanitation systems, wastewater treatment and disposal system in response to extreme weather and flood events arising from climate change and climate variability",Adaptation,2 - Water Sufficiency; 3 - Water and Sanitation; 4 - Service Delivery,TRUE
A311-01,Design and implement payments for environmental services and other innovative conservation financing mechanisms to support ecosystem-based adaptation and mitigation,Adaptation,3 - Ecological and Environmental Stability; 1 - Forest and Biodiversity; 1 - Policy Development and Governance,TRUE
A311-03,Integrated ecosystem management approaches for watersheds and wetlands to reduce vulnerability to climate change and climate variability,Adaptation,3 - Ecological and Environmental Stability; 1 - Forest and Biodiversity; 1 - Policy Development and Governance,TRUE
A311-05,"Develop guidelines for implementing Integrated Water Resources Management (IWRM) and climate change adaptation at the local, watershed and river basin level",Adaptation,3 - Ecological and Environmental Stability; 1 - Forest and Biodiversity; 1 - Policy Development and Governance,TRUE
A311-06,Formulate ordinances/policies to reduce the human-related impacts to coral reefs to help lessen the reefs' vulnerability to climate change,Adaptation,3 - Ecological and Environmental Stability; 1 - Forest and Biodiversity; 1 - Policy Development and Governance,TRUE
A312-01,Conduct ecosystems vulnerability and risk assessment,Adaptation,"3 - Ecological and Environmental Stability; 1 - Forest and Biodiversity; 2 - Research, Development and Extension",TRUE
A312-02,"Study, design and implement financing mechanisms for IWRM and climate change adaptation implementation in critical watersheds and river basins",Adaptation,"3 - Ecological and Environmental Stability; 1 - Forest and Biodiversity; 2 - Research, Development and Extension",TRUE
A313-01,Training on vulnerability and risk assessments,Adaptation,3 - Ecological and Environmental Stability; 1 - Forest and Biodiversity; 3 - Knowledge Sharing and Capacity Building,TRUE
A313-03,Establish management information system for different ecosystems that link various data sources,Adaptation,3 - Ecological and Environmental Stability; 1 - Forest and Biodiversity; 3 - Knowledge Sharing and Capacity Building,TRUE
A313-04,"Document and disseminate best practices, including climate change responsive indigenous practices",Adaptation,3 - Ecological and Environmental Stability; 1 - Forest and Biodiversity; 3 - Knowledge Sharing and Capacity Building,TRUE
A313-05,Festivals and events which advocate the protection and preservation of nature,Adaptation,3 - Ecological and Environmental Stability; 1 - Forest and Biodiversity; 3 - Knowledge Sharing and Capacity Building,TRUE
A314-01,Delineate/Rehabilitate/Reforest degraded watersheds and forest areas,Adaptation,3 - Ecological and Environmental Stability; 1 - Forest and Biodiversity; 4 - Service Delivery,TRUE
A314-02,Conserve and protect existing watershed and protected areas,Adaptation,3 - Ecological and Environmental Stability; 1 - Forest and Biodiversity; 4 - Service Delivery,TRUE
A314-03,"Delineate ""ridge-to-reef"" ecosystem-based management zones for the ecotowns through multi stakeholder process",Adaptation,3 - Ecological and Environmental Stability; 1 - Forest and Biodiversity; 4 - Service Delivery,TRUE
A314-04,Update status of Protected Areas and Key Biodiversity Areas from results from the vulnerability and risk assessment,Adaptation,3 - Ecological and Environmental Stability; 1 - Forest and Biodiversity; 4 - Service Delivery,TRUE
A314-06,Improve physical system performance of river basins,Adaptation,3 - Ecological and Environmental Stability; 1 - Forest and Biodiversity; 4 - Service Delivery,TRUE
A314-07,Seedling production; management of mangrove nursery,Adaptation,3 - Ecological and Environmental Stability; 1 - Forest and Biodiversity; 4 - Service Delivery,TRUE
A314-08,Agro-forestry to diversify farmers' incomes and provide alternatives livelihood during extreme weather events (i.e. drought),Adaptation,3 - Ecological and Environmental Stability; 1 - Forest and Biodiversity; 4 - Service Delivery,TRUE
A314-09,Integrated tree planting along riverbanks/ river bank rehabilitation / that reduce the risk of flooding,Adaptation,3 - Ecological and Environmental Stability; 1 - Forest and Biodiversity; 4 - Service Delivery,TRUE
A314-10,"Establishment of database network on wildlife, genetic biodiversity and biosafety",Adaptation,3 - Ecological and Environmental Stability; 1 - Forest and Biodiversity; 4 - Service Delivery,TRUE
A321-01,Incorporate change in design of solid waste management systems in response to extreme weather and flood events arising from CC&CV,Adaptation,3 - Ecological and Environmental Stability; 2 - Solid Waste; 1 - Policy Development and Governance,TRUE
A411-01,Develop guidelines on treatment of health issues due to climate change and climate variability,Adaptation,4 - Human Security; 1 - Health; 1 - Policy Development and Governance,TRUE
A411-02,Include climate related diseases in basic benefits of insurance policies,Adaptation,4 - Human Security; 1 - Health; 1 - Policy Development and Governance,TRUE
A411-03,Develop policy requiring integration of climate change and disaster risk reduction concepts and approaches in medical and allied health training courses,Adaptation,4 - Human Security; 1 - Health; 1 - Policy Development and Governance,TRUE
A411-04,Develop and implement monitoring health infrastructure damage and rehabilitation plan,Adaptation,4 - Human Security; 1 - Health; 1 - Policy Development and Governance,TRUE
A411-05,Develop and implement post disaster epidemic outbreak management and disease surveillance system (ex. water-borne diseases and other health risks due to climate change),Adaptation,4 - Human Security; 1 - Health; 1 - Policy Development and Governance,TRUE
A411-06,Planning for Climate Change Adaptation for health sector,Adaptation,4 - Human Security; 1 - Health; 1 - Policy Development and Governance,TRUE
A411-07,Expand insurance eligibility to populations vulnerable to climate related diseases,Adaptation,4 - Human Security; 1 - Health; 1 - Policy Development and Governance,TRUE
A412-01,"Assess changes in risk, exposure or sensitivity to climate change and climate variability related diseases for vulnerable groups",Adaptation,"4 - Human Security; 1 - Health; 2 - Research, Development and Extension",TRUE
A412-02,Assess impact of climate change and climate variability on livelihoods and poverty with focus on vulnerable groups,Adaptation,"4 - Human Security; 1 - Health; 2 - Research, Development and Extension",TRUE
A412-03,"Vulnerability and risk assessment for government infrastructure (e.g. hospitals, health centers, and barangay health units)",Adaptation,"4 - Human Security; 1 - Health; 2 - Research, Development and Extension",TRUE
A412-04,Risk Assessment for barangays,Adaptation,"4 - Human Security; 1 - Health; 2 - Research, Development and Extension",TRUE
A413-01,"Training and education of health personnel on treatment, monitoring and surveillance of climate change and climate variability related health issues",Adaptation,4 - Human Security; 1 - Health; 3 - Knowledge Sharing and Capacity Building,TRUE
A413-02,Strengthen health management information management,Adaptation,4 - Human Security; 1 - Health; 3 - Knowledge Sharing and Capacity Building,TRUE
A413-03,"Incorporate climate related health risks into clinical practice guidelines, and curricula for continuous medical education",Adaptation,4 - Human Security; 1 - Health; 3 - Knowledge Sharing and Capacity Building,TRUE
A413-04,Training for health emergency preparedness and response,Adaptation,4 - Human Security; 1 - Health; 3 - Knowledge Sharing and Capacity Building,TRUE
A414-01,Develop and implement program for community-based adaptation measures and health emergency preparedness,Adaptation,4 - Human Security; 1 - Health; 4 - Service Delivery,TRUE
A414-02,Upgrade health systems to respond to changes in environmental health risks from climate change and climate variability (e.g. malaria),Adaptation,4 - Human Security; 1 - Health; 4 - Service Delivery,TRUE
A414-03,Develop food safety/ food security measures that take account of new conditions caused by climate change,Adaptation,4 - Human Security; 1 - Health; 4 - Service Delivery,TRUE
A414-04,Development of livelihood diversification strategies to reduce dependence of climate related income opportunities,Adaptation,4 - Human Security; 1 - Health; 4 - Service Delivery,TRUE
A414-05,Implement program for community health emergency preparedness and response,Adaptation,4 - Human Security; 1 - Health; 4 - Service Delivery,TRUE
A414-06,Development of social protection strategies to respond to climate change and climate variability,Adaptation,4 - Human Security; 1 - Health; 4 - Service Delivery,TRUE
A421-01,"Mainstreaming of CC-DRRM in local plans (PDPFP, CLUP, CDP, ELA)",Adaptation,4 - Human Security; 2 - Settlements and Local Land Use; 1 - Policy Development and Governance,TRUE
A421-02,Incorporate vulnerability to CC and CV in housing design standards,Adaptation,4 - Human Security; 2 - Settlements and Local Land Use; 1 - Policy Development and Governance,TRUE
A421-03,"Develop green building ordinance/rating scheme, specifications and criteria",Adaptation,4 - Human Security; 2 - Settlements and Local Land Use; 1 - Policy Development and Governance,TRUE
A421-04,Develop and implement programs and incentive system for CC proofing and retrofitting water infrastructure at the household/community level,Adaptation,4 - Human Security; 2 - Settlements and Local Land Use; 1 - Policy Development and Governance,TRUE
A421-05,Regulate settlements in areas vulnerable to CC & CV,Adaptation,4 - Human Security; 2 - Settlements and Local Land Use; 1 - Policy Development and Governance,TRUE
A422-01,"Identify, map and profile areas and communities highly prone to climate-related disasters",Adaptation,"4 - Human Security; 2 - Settlements and Local Land Use; 2 - Research, Development and Extension",TRUE
A422-02,Conduct risk and vulnerability assessment,Adaptation,"4 - Human Security; 2 - Settlements and Local Land Use; 2 - Research, Development and Extension",TRUE
A422-03,Conduct a study on population carrying capacity of areas and CC adaptive capacity of various communities,Adaptation,"4 - Human Security; 2 - Settlements and Local Land Use; 2 - Research, Development and Extension",TRUE
A422-04,Identify most CC vulnerable sectors and population,Adaptation,"4 - Human Security; 2 - Settlements and Local Land Use; 2 - Research, Development and Extension",TRUE
A422-05,Conduct of CBMS with DRRM/CCA,Adaptation,"4 - Human Security; 2 - Settlements and Local Land Use; 2 - Research, Development and Extension",TRUE
A423-01,Develop and implement knowledge management on climate change and disaster risks for local government units and communities,Adaptation,4 - Human Security; 2 - Settlements and Local Land Use; 3 - Knowledge Sharing and Capacity Building,TRUE
A423-02,"Increase local capacity for forecasting, early warning (including indigenous systems) and disaster risk communication",Adaptation,4 - Human Security; 2 - Settlements and Local Land Use; 3 - Knowledge Sharing and Capacity Building,TRUE
A423-03,Conduct training of trainers to respond to the needs of communities for CCA,Adaptation,4 - Human Security; 2 - Settlements and Local Land Use; 3 - Knowledge Sharing and Capacity Building,TRUE
A424-01,Identify and implement gender-responsive sustainable livelihood and social protection programs for resettled and vulnerable poor families,Adaptation,4 - Human Security; 2 - Settlements and Local Land Use; 4 - Service Delivery,TRUE
A424-02,Develop and implement post-disaster resettlement and counseling of displaced families and communities,Adaptation,4 - Human Security; 2 - Settlements and Local Land Use; 4 - Service Delivery,TRUE
A424-03,"Implement mixed-use, medium-to-high density developments, integrated land use-transport plan in developing new urban communities or in expanding existing ones",Adaptation,4 - Human Security; 2 - Settlements and Local Land Use; 4 - Service Delivery,TRUE
A424-04,Expand the establishment of alternative micro-water purification systems especially to areas that cannot be reached by safe water supply,Adaptation,4 - Human Security; 2 - Settlements and Local Land Use; 4 - Service Delivery,TRUE
A424-05,"Develop and implement a CC adaptation plan for settlement/resettlement in consultation with affected communities, private sector, and civil society organization",Adaptation,4 - Human Security; 2 - Settlements and Local Land Use; 4 - Service Delivery,TRUE
A424-06,"Construct new low-cost housing, relocation, and other mass dwellings to climate resilient design standards",Adaptation,4 - Human Security; 2 - Settlements and Local Land Use; 4 - Service Delivery,TRUE
A424-07,Reconstruction of housing projects damaged by calamities (Building Back Better),Adaptation,4 - Human Security; 2 - Settlements and Local Land Use; 4 - Service Delivery,TRUE
A424-08,Relocating flood prone communities and commercial centers to safer areas,Adaptation,4 - Human Security; 2 - Settlements and Local Land Use; 4 - Service Delivery,TRUE
A424-09,Disaster and Climate Risk Monitoring System,Adaptation,4 - Human Security; 2 - Settlements and Local Land Use; 4 - Service Delivery,TRUE
A424-10,Install Early Warning Systems,Adaptation,4 - Human Security; 2 - Settlements and Local Land Use; 4 - Service Delivery,TRUE
A424-11,Construction of climate resilient elementary and secondary school buildings (safe from climate hazards; considers climate risks),Adaptation,4 - Human Security; 2 - Settlements and Local Land Use; 4 - Service Delivery,TRUE
A424-12,"Climate proofing/retrofitting or relocating of government infrastructure (i.e. schools and government hospitals, health centers, rural health units, teen centers) from climate hazards",Adaptation,4 - Human Security; 2 - Settlements and Local Land Use; 4 - Service Delivery,TRUE
A424-13,Demolition of illegal structures occupied by informal settlers in high risk areas/ Relocation of informal settlers,Adaptation,4 - Human Security; 2 - Settlements and Local Land Use; 4 - Service Delivery,TRUE
A442-01,A442-01,Adaptation,Not in JMC 2015-01 Annex A - code carried over from the FY2027 AIP.,FALSE
A511-02,Incorporate new CC&CV resilient design standards in new buildings,Adaptation,"5 - Climate Smart Industries and Services; 1 - Tourism, Trade and Industries; 1 - Policy Development and Governance",TRUE
A511-04,"Formulate/enhance tourism plans, policies and strategies to promote green tourism",Adaptation,"5 - Climate Smart Industries and Services; 1 - Tourism, Trade and Industries; 1 - Policy Development and Governance",TRUE
A511-05,Create an enabling ordinance/policy for the development and implementation of climate-smart industries and services,Adaptation,"5 - Climate Smart Industries and Services; 1 - Tourism, Trade and Industries; 1 - Policy Development and Governance",TRUE
A511-06,Introduce regulations and programs to support climate resilient investments,Adaptation,"5 - Climate Smart Industries and Services; 1 - Tourism, Trade and Industries; 1 - Policy Development and Governance",TRUE
A512-01,Identify the carrying capacity of tourism areas,Adaptation,"5 - Climate Smart Industries and Services; 1 - Tourism, Trade and Industries; 2 - Research, Development and Extension",TRUE
A512-02,Aquasilviculture Demo Farm to rehabilitate mangroves and address climate change and provide livelihood,Adaptation,"5 - Climate Smart Industries and Services; 1 - Tourism, Trade and Industries; 2 - Research, Development and Extension",TRUE
A513-01,"Promote public-private partnership to increase investments in the development of climate-smart technologies, products and services",Adaptation,"5 - Climate Smart Industries and Services; 1 - Tourism, Trade and Industries; 3 - Knowledge Sharing and Capacity Building",TRUE
A513-02,Assist SMEs in developing capacity for eco-efficient production,Adaptation,"5 - Climate Smart Industries and Services; 1 - Tourism, Trade and Industries; 3 - Knowledge Sharing and Capacity Building",TRUE
A514-01,Marketing and trade support for changing agricultural product mix in response to climate change and climate variability,Adaptation,"5 - Climate Smart Industries and Services; 1 - Tourism, Trade and Industries; 4 - Service Delivery",TRUE
A514-02,Support new income generating opportunities and industries utilizing natural resource better adapted to climate change and climate variability,Adaptation,"5 - Climate Smart Industries and Services; 1 - Tourism, Trade and Industries; 4 - Service Delivery",TRUE
A514-03,Retrofit assets and capital to protect against CC and CV,Adaptation,"5 - Climate Smart Industries and Services; 1 - Tourism, Trade and Industries; 4 - Service Delivery",TRUE
A514-04,Support industries that are better adapted to CC and CV (e.g. Tiger-grass production for agri-business),Adaptation,"5 - Climate Smart Industries and Services; 1 - Tourism, Trade and Industries; 4 - Service Delivery",TRUE
A611-04,Mandatory implementation of AO110 and AO126 directing the institutionalization of Government Energy Management Program,Adaptation,6 - Sustainable Energy; 1 - Energy Efficiency; 1 - Policy Development and Governance,TRUE
A612-01,"Conduct sustainable and renewable energy resource assessments (e.g. hydro, geothermal, biomass, wind, ocean and solar)",Adaptation,"6 - Sustainable Energy; 1 - Energy Efficiency; 2 - Research, Development and Extension",TRUE
A613-02,"Conduct capacity building of community-based renewable energy organizations on system maintenance, energy efficiency and conservation, organizational development, tariff setting and management systems",Adaptation,6 - Sustainable Energy; 1 - Energy Efficiency; 3 - Knowledge Sharing and Capacity Building,TRUE
A614-01,Design and implement system of incentives for renewable energy for host communities and local government units that can be used for sustainable livelihood programs and climate change adaptation measures,Adaptation,6 - Sustainable Energy; 1 - Energy Efficiency; 4 - Service Delivery,TRUE
A624-02,Flood protection or irrigation from construction of dams or water storage system that manage changes in the water cycle due to CC & CV,Adaptation,6 - Sustainable Energy; 2 - Power Generation; 4 - Service Delivery,TRUE
A624-03,Improve design of wind turbine structures to withstand higher wind speeds as a result of extreme weather events,Adaptation,6 - Sustainable Energy; 2 - Power Generation; 4 - Service Delivery,TRUE
A624-04,Improve design of solar panels to withstand higher intensity storms resulting from climate change and climate variability,Adaptation,6 - Sustainable Energy; 2 - Power Generation; 4 - Service Delivery,TRUE
A624-05,Secure access to water for crops used as bioenergy source,Adaptation,6 - Sustainable Energy; 2 - Power Generation; 4 - Service Delivery,TRUE
A631-01,Incorporate risks from climate change and climate variability in transportation system planning,Adaptation,6 - Sustainable Energy; 3 - Transportation and Communication; 1 - Policy Development and Governance,TRUE
A634-01,Protect transport infrastructure against extreme weather events (especially floods and storms) becoming more frequent and violent due to CC and CV,Adaptation,6 - Sustainable Energy; 3 - Transportation and Communication; 4 - Service Delivery,TRUE
A634-02,Establish emergency services designed to cope with climate change and climate variability related emergencies in the transport sector,Adaptation,6 - Sustainable Energy; 3 - Transportation and Communication; 4 - Service Delivery,TRUE
A634-03,"Construct new roads, ports, airports and aviation infrastructure to climate resilient design standards",Adaptation,6 - Sustainable Energy; 3 - Transportation and Communication; 4 - Service Delivery,TRUE
A634-04,"Upgrade existing roads, ports and aviation infrastructure to climate resilient design standards",Adaptation,6 - Sustainable Energy; 3 - Transportation and Communication; 4 - Service Delivery,TRUE
A634-05,Development of telecommunications infrastructure for use as part of an emergency response system during extreme weather events,Adaptation,6 - Sustainable Energy; 3 - Transportation and Communication; 4 - Service Delivery,TRUE
A634-06,Enhance road maintenance to respond to climate change and climate variability,Adaptation,6 - Sustainable Energy; 3 - Transportation and Communication; 4 - Service Delivery,TRUE
A634-07,Enhanced waterway maintenance to respond to climate change and climate variability,Adaptation,6 - Sustainable Energy; 3 - Transportation and Communication; 4 - Service Delivery,TRUE
A644-01,A644-01,Adaptation,Not in JMC 2015-01 Annex A - code carried over from the FY2027 AIP.,FALSE
A711-04,Creation of offices with a mandate for climate change adaptation and mitigation,Adaptation,7 - Knowledge and Capacity Development; 1 - Education and Climate Science; 1 - Policy Development and Governance,TRUE
A713-01,Awareness raising programs on climate change and climate variability,Adaptation,7 - Knowledge and Capacity Development; 1 - Education and Climate Science; 3 - Knowledge Sharing and Capacity Building,TRUE
A713-02,"Training for pre-elementary, elementary, high school and college teachers on integrating climate change in basic courses",Adaptation,7 - Knowledge and Capacity Development; 1 - Education and Climate Science; 3 - Knowledge Sharing and Capacity Building,TRUE
A713-03,Upgrade personnel's capacity and skills on climate change modeling and weather forecasting,Adaptation,7 - Knowledge and Capacity Development; 1 - Education and Climate Science; 3 - Knowledge Sharing and Capacity Building,TRUE
A713-04,Capacity building to address vulnerability to climate change and climate variability,Adaptation,7 - Knowledge and Capacity Development; 1 - Education and Climate Science; 3 - Knowledge Sharing and Capacity Building,TRUE
A713-05,Climate Change 101 or Introductory Course on Climate Change,Adaptation,7 - Knowledge and Capacity Development; 1 - Education and Climate Science; 3 - Knowledge Sharing and Capacity Building,TRUE
A713-06,Support to international campaigns that promote climate change adaptation and mitigation (e.g. Earth month),Adaptation,7 - Knowledge and Capacity Development; 1 - Education and Climate Science; 3 - Knowledge Sharing and Capacity Building,TRUE
A714-01,"Review and development of curricula to take account of climate aspects in basic education, vocational training and other forms of follow-up training and education",Adaptation,7 - Knowledge and Capacity Development; 1 - Education and Climate Science; 4 - Service Delivery,TRUE
A714-02,"Review and revise, current textbooks, modules and exemplars for pre-elementary, elementary, for climate change content and gender-sensitivity",Adaptation,7 - Knowledge and Capacity Development; 1 - Education and Climate Science; 4 - Service Delivery,TRUE
A714-03,"Review and revise, current textbooks, modules and exemplars for high school and alternative learning system for climate change content and gender-sensitivity",Adaptation,7 - Knowledge and Capacity Development; 1 - Education and Climate Science; 4 - Service Delivery,TRUE
A714-05,Improve government systems and infrastructure required for climate change modeling and climate forecasting,Adaptation,7 - Knowledge and Capacity Development; 1 - Education and Climate Science; 4 - Service Delivery,TRUE
A714-06,Establish centers on climate change adaptation/mitigation and best practices and innovations (e.g. Climate Change Academy),Adaptation,7 - Knowledge and Capacity Development; 1 - Education and Climate Science; 4 - Service Delivery,TRUE
A731-01,A731-01,Adaptation,Not in JMC 2015-01 Annex A - code carried over from the FY2027 AIP.,FALSE
A731-02,A731-02,Adaptation,Not in JMC 2015-01 Annex A - code carried over from the FY2027 AIP.,FALSE
A811-01,Introduce ordinances and programs to support climate resilient investments,Adaptation,8 - Finance; 1 - Policy Development and Governance,TRUE
A811-02,Expand insurance eligibility populations vulnerable to climate related diseases,Adaptation,8 - Finance; 1 - Policy Development and Governance,TRUE
A811-03,Regulate or provide incentives in housing finance to encourage upgrading of existing real estate that reduces vulnerability to CC and CV,Adaptation,8 - Finance; 1 - Policy Development and Governance,TRUE
A811-04,Develop and introduce weather or climate indexed insurance programs (e.g. crop insurance),Adaptation,8 - Finance; 1 - Policy Development and Governance,TRUE
A812-04,Economic analysis of financial needs for adapting to climate change and climate variability (cost of adaptation),Adaptation,"8 - Finance; 2 - Research, Development and Extension",TRUE
A814-02,Introduce green bonds or other securities specifically targeted at adaptation to climate change and climate variability,Adaptation,8 - Finance; 4 - Service Delivery,TRUE
M111-01,"Enact/Implement ordinances and policies to reduce the emissions of greenhouse gases (GHGs), or absorption of GHGs in the agricultural sector",Mitigation,1 - Food Security; 1 - Agriculture and Livestock; 1 - Policy Development and Governance,TRUE
M111-03,Monitor carbon sequestration,Mitigation,1 - Food Security; 1 - Agriculture and Livestock; 1 - Policy Development and Governance,TRUE
M112-01,"Develop, test and introduce practices or techniques that reduce GHG emissions and practices or techniques to sequester carbon dioxide (CO2) in crop production systems, animal husbandry systems, forest management systems and aquaculture management systems",Mitigation,"1 - Food Security; 1 - Agriculture and Livestock; 2 - Research, Development and Extension",TRUE
M112-02,"Sector studies, surveys, assessments on energy and water use efficiency in agriculture",Mitigation,"1 - Food Security; 1 - Agriculture and Livestock; 2 - Research, Development and Extension",TRUE
M113-01,"Establish or strengthen institutions, information systems and capacity building on energy and water use efficiency in agriculture sector",Mitigation,1 - Food Security; 1 - Agriculture and Livestock; 3 - Knowledge Sharing and Capacity Building,TRUE
M114-01,Integrated organic and inorganic nutrient management,Mitigation,1 - Food Security; 1 - Agriculture and Livestock; 4 - Service Delivery,TRUE
M114-02,Switch to soil management techniques that reduce GHG emissions or increase carbon sequestration,Mitigation,1 - Food Security; 1 - Agriculture and Livestock; 4 - Service Delivery,TRUE
M114-03,Intensify or expand farm and fodder production using techniques that reduce GHG emissions or increase carbon sequestration,Mitigation,1 - Food Security; 1 - Agriculture and Livestock; 4 - Service Delivery,TRUE
M114-04,Manure management and methane capture in animal husbandry,Mitigation,1 - Food Security; 1 - Agriculture and Livestock; 4 - Service Delivery,TRUE
M114-05,Change forage systems to reduce ruminant methane emissions,Mitigation,1 - Food Security; 1 - Agriculture and Livestock; 4 - Service Delivery,TRUE
M114-06,Introduce or expand water pumping for irrigation using renewable energy sources,Mitigation,1 - Food Security; 1 - Agriculture and Livestock; 4 - Service Delivery,TRUE
M114-07,Replace existing water pumps with more energy efficient pumps,Mitigation,1 - Food Security; 1 - Agriculture and Livestock; 4 - Service Delivery,TRUE
M114-08,Implement agricultural and fisheries waste recycling and composting,Mitigation,1 - Food Security; 1 - Agriculture and Livestock; 4 - Service Delivery,TRUE
M114-09,Switch to less water intensive crops,Mitigation,1 - Food Security; 1 - Agriculture and Livestock; 4 - Service Delivery,TRUE
M114-10,"Establish communal school gardens, and other community gardens for local consumption",Mitigation,1 - Food Security; 1 - Agriculture and Livestock; 4 - Service Delivery,TRUE
M121-01,"Formulate/implement ordinances to reduce the emissions of GHGs, or absorption of GHGs in the fishing sectors",Mitigation,1 - Food Security; 2 - Fisheries; 1 - Policy Development and Governance,TRUE
M121-02,Develop ordinances to reduce municipal fishing boats/improve fuel efficiency of municipal fishing boats,Mitigation,1 - Food Security; 2 - Fisheries; 1 - Policy Development and Governance,TRUE
M123-01,"Establish or strengthen institutions, information systems and capacity building on energy and water use efficiency in fishing sector",Mitigation,1 - Food Security; 2 - Fisheries; 3 - Knowledge Sharing and Capacity Building,TRUE
M211-01,Sector reform to improve water use efficiency to reduce energy use for pumping water (e.g. water pricing),Mitigation,2 - Water Sufficiency; 1 - Water Supply; 1 - Policy Development and Governance,TRUE
M212-01,"Administration, sector studies, surveys, assessments, information systems and capacity building for energy and water use efficiency in water, sanitation and flood protection",Mitigation,"2 - Water Sufficiency; 1 - Water Supply; 2 - Research, Development and Extension",TRUE
M213-01,Train managers or workers to improve water or energy efficiency in business operations,Mitigation,2 - Water Sufficiency; 1 - Water Supply; 3 - Knowledge Sharing and Capacity Building,TRUE
M214-01,Reduce energy intensity of existing water supply systems (e.g. replacing pumps),Mitigation,2 - Water Sufficiency; 1 - Water Supply; 4 - Service Delivery,TRUE
M214-02,Reduce or capture methane emission from ventilated improved pit latrines.,Mitigation,2 - Water Sufficiency; 1 - Water Supply; 4 - Service Delivery,TRUE
M214-03,"Reduce per capita water consumption using demand-side interventions (e.g. household water, shower, toilet, and dishwasher)",Mitigation,2 - Water Sufficiency; 1 - Water Supply; 4 - Service Delivery,TRUE
M214-04,Reduce GHG emission (methane and nitrous oxide) from wastewater,Mitigation,2 - Water Sufficiency; 1 - Water Supply; 4 - Service Delivery,TRUE
M214-05,Reduce energy consumption during wastewater treatment (e.g. from activated sludge to up flow anaerobic sludge),Mitigation,2 - Water Sufficiency; 1 - Water Supply; 4 - Service Delivery,TRUE
M311-01,Implement and monitor progress of Reducing Emissions from Deforestation and Forest Degradation (REDD+) related policies,Mitigation,3 - Ecological and Environmental Stability; 1 - Forest and Biodiversity; 1 - Policy Development and Governance,TRUE
M312-01,Greenhouse gas accounting and inventory,Mitigation,"3 - Ecological and Environmental Stability; 1 - Forest and Biodiversity; 2 - Research, Development and Extension",TRUE
M314-01,Re-forestation and afforestation that increases vegetative cover or sequesters carbon,Mitigation,3 - Ecological and Environmental Stability; 1 - Forest and Biodiversity; 4 - Service Delivery,TRUE
M314-02,Sustainable peat land/ wetland/forest management and protection,Mitigation,3 - Ecological and Environmental Stability; 1 - Forest and Biodiversity; 4 - Service Delivery,TRUE
M314-03,Avoided deforestation (e.g. Bantay Gubat; Bantay Bakawan),Mitigation,3 - Ecological and Environmental Stability; 1 - Forest and Biodiversity; 4 - Service Delivery,TRUE
M314-04,Management and protection of Tree Parks/Provincial Forests and Nursery,Mitigation,3 - Ecological and Environmental Stability; 1 - Forest and Biodiversity; 4 - Service Delivery,TRUE
M314-05,Oplan Sagip Kalikasan/Urban greening program,Mitigation,3 - Ecological and Environmental Stability; 1 - Forest and Biodiversity; 4 - Service Delivery,TRUE
M314-06,Identify and implement a moratorium of mining operations in protected areas pending vulnerability and risk assessment and economic valuation studies,Mitigation,3 - Ecological and Environmental Stability; 1 - Forest and Biodiversity; 4 - Service Delivery,TRUE
M314-07,"Re-establish and protect mangroves, floodplains and seagrass beds with carbon sequestration properties",Mitigation,3 - Ecological and Environmental Stability; 1 - Forest and Biodiversity; 4 - Service Delivery,TRUE
M314-08,Green charcoal briquetting facility that reduce deforestation,Mitigation,3 - Ecological and Environmental Stability; 1 - Forest and Biodiversity; 4 - Service Delivery,TRUE
M314-09,Monitor illegal mining activities that emit greenhouse gasses,Mitigation,3 - Ecological and Environmental Stability; 1 - Forest and Biodiversity; 4 - Service Delivery,TRUE
M321-01,Develop and implement ordinances and policies that promote a system of incentives for the use of reusable bags and containers/ban or impose a fee on the use of plastic bags,Mitigation,3 - Ecological and Environmental Stability; 2 - Solid Waste; 1 - Policy Development and Governance,TRUE
M322-01,Conduct Waste Amount & Composition Study (WACS),Mitigation,"3 - Ecological and Environmental Stability; 2 - Solid Waste; 2 - Research, Development and Extension",TRUE
M323-01,"Conduct intensive IEC on waste reduction, segregation and composting",Mitigation,3 - Ecological and Environmental Stability; 2 - Solid Waste; 3 - Knowledge Sharing and Capacity Building,TRUE
M324-01,"Waste reduction and diversion program/Intensify waste segregation at source, discard recovery, composting and recycling",Mitigation,3 - Ecological and Environmental Stability; 2 - Solid Waste; 4 - Service Delivery,TRUE
M324-02,Construction and operation of Materials Composting and Recovery Facility (MRCF) Building; Buyback Center; Purchase of MCRF equipment,Mitigation,3 - Ecological and Environmental Stability; 2 - Solid Waste; 4 - Service Delivery,TRUE
M324-03,Upgrade existing landfills to capture methane for energy generation or gas flaring for CO2 generation,Mitigation,3 - Ecological and Environmental Stability; 2 - Solid Waste; 4 - Service Delivery,TRUE
M324-04,Establish and implement ecological solid waste management (ESWM) program in accordance with Republic Act 9003,Mitigation,3 - Ecological and Environmental Stability; 2 - Solid Waste; 4 - Service Delivery,TRUE
M324-05,Close solid waste management sites in environmentally critical areas,Mitigation,3 - Ecological and Environmental Stability; 2 - Solid Waste; 4 - Service Delivery,TRUE
M424-01,Retrofit/ Install new heating and cooling systems using renewable energy,Mitigation,4 - Human Security; 2 - Settlements and Local Land Use; 4 - Service Delivery,TRUE
M424-02,Promote/Build energy efficient housing,Mitigation,4 - Human Security; 2 - Settlements and Local Land Use; 4 - Service Delivery,TRUE
M511-01,Introduce rules and regulations to reduce GHG emissions or absorb of GHGs in industry and trade,Mitigation,"5 - Climate Smart Industries and Services; 1 - Tourism, Trade and Industries; 1 - Policy Development and Governance",TRUE
M511-03,Introduce a system of incentives to encourage the use of climate-smart technologies and practices,Mitigation,"5 - Climate Smart Industries and Services; 1 - Tourism, Trade and Industries; 1 - Policy Development and Governance",TRUE
M511-04,Integrate monitoring of existing and new-climate smart industries and services within existing business registration system,Mitigation,"5 - Climate Smart Industries and Services; 1 - Tourism, Trade and Industries; 1 - Policy Development and Governance",TRUE
M511-05,"Implement a system of collection, analysis and reporting of baseline and new data on green jobs and employment",Mitigation,"5 - Climate Smart Industries and Services; 1 - Tourism, Trade and Industries; 1 - Policy Development and Governance",TRUE
M512-01,Conduct baseline inventory of climate-smart industries and services and good practices in the local government unit,Mitigation,"5 - Climate Smart Industries and Services; 1 - Tourism, Trade and Industries; 2 - Research, Development and Extension",TRUE
M512-02,Baseline data on GHG emissions from industry and other sources,Mitigation,"5 - Climate Smart Industries and Services; 1 - Tourism, Trade and Industries; 2 - Research, Development and Extension",TRUE
M512-04,"Forge partnerships with industry, academe, and research organizations on R&D of climate-smart technologies and products in the locality",Mitigation,"5 - Climate Smart Industries and Services; 1 - Tourism, Trade and Industries; 2 - Research, Development and Extension",TRUE
M513-01,Develop modules and conduct trainings to capacitate industries to conduct GHG emissions inventory and carbon footprint,Mitigation,"5 - Climate Smart Industries and Services; 1 - Tourism, Trade and Industries; 3 - Knowledge Sharing and Capacity Building",TRUE
M514-01,Marketing and trade support for products that reduce GHG emissions per unit of output,Mitigation,"5 - Climate Smart Industries and Services; 1 - Tourism, Trade and Industries; 4 - Service Delivery",TRUE
M514-02,Marketing and trade support for agricultural products that use integrated organic and inorganic nutrient management,Mitigation,"5 - Climate Smart Industries and Services; 1 - Tourism, Trade and Industries; 4 - Service Delivery",TRUE
M514-03,Rehabilitate/reforest degraded tourism areas,Mitigation,"5 - Climate Smart Industries and Services; 1 - Tourism, Trade and Industries; 4 - Service Delivery",TRUE
M611-01,"Change operational procedures or techniques, or retrofit technologies to reduce GHG emissions in existing operations",Mitigation,6 - Sustainable Energy; 1 - Energy Efficiency; 1 - Policy Development and Governance,TRUE
M611-03,"Develop/implement ordinances and policies to improve energy efficiency - in buildings, agriculture, industry and city/municipal services (e.g. public building maintenance program to improve energy efficiency; use of more energy efficient street lighting such as LED)",Mitigation,6 - Sustainable Energy; 1 - Energy Efficiency; 1 - Policy Development and Governance,TRUE
M611-04,"Develop a certification system/incentives for voluntary adoption of energy efficiency labelling, green building rating, and ISO 50001 certification",Mitigation,6 - Sustainable Energy; 1 - Energy Efficiency; 1 - Policy Development and Governance,TRUE
M611-05,Develop a local renewable energy program,Mitigation,6 - Sustainable Energy; 1 - Energy Efficiency; 1 - Policy Development and Governance,TRUE
M612-02,"Sector studies, surveys, assessments and information systems on energy efficiency, efficient energy pricing, and promotion of renewable energy",Mitigation,"6 - Sustainable Energy; 1 - Energy Efficiency; 2 - Research, Development and Extension",TRUE
M613-01,"Sector reform and capacity building related to energy efficiency in energy sector, promotion of renewable energy and efficient energy pricing",Mitigation,6 - Sustainable Energy; 1 - Energy Efficiency; 3 - Knowledge Sharing and Capacity Building,TRUE
M613-02,Strengthen regulatory and institutional framework to support expansion of renewable power generation,Mitigation,6 - Sustainable Energy; 1 - Energy Efficiency; 3 - Knowledge Sharing and Capacity Building,TRUE
M613-03,Strengthening capacity of institutions to plan for low-carbon growth and environmentally sustainable energy supply,Mitigation,6 - Sustainable Energy; 1 - Energy Efficiency; 3 - Knowledge Sharing and Capacity Building,TRUE
M614-02,Pilot programs on energy efficiency activities,Mitigation,6 - Sustainable Energy; 1 - Energy Efficiency; 4 - Service Delivery,TRUE
M621-04,Develop RE project-based and service contracts-based portfolios to encourage potential investors in identified sites,Mitigation,6 - Sustainable Energy; 2 - Power Generation; 1 - Policy Development and Governance,TRUE
M622-02,Conduct survey of RE potential in off-grid areas,Mitigation,"6 - Sustainable Energy; 2 - Power Generation; 2 - Research, Development and Extension",TRUE
M623-01,"Conduct capacity building of community-based RE organizations on RE system maintenance, EE&C organizational development, tariff setting and management systems",Mitigation,6 - Sustainable Energy; 2 - Power Generation; 3 - Knowledge Sharing and Capacity Building,TRUE
M624-06,Development of renewable energy (i.e. Establishment of Solar Panels/Installation of Wind Mill/Bio-Gas),Mitigation,6 - Sustainable Energy; 2 - Power Generation; 4 - Service Delivery,TRUE
M624-07,"Clean Cities Initiatives or those that promote/increase utilization of alternative/clean fuels for the transport sector (tricycle, jeepney, bus, private and government vehicles)",Mitigation,6 - Sustainable Energy; 2 - Power Generation; 4 - Service Delivery,TRUE
M631-01,Improve vehicle emission standards,Mitigation,6 - Sustainable Energy; 3 - Transportation and Communication; 1 - Policy Development and Governance,TRUE
M631-02,Improve fuel efficiency standards,Mitigation,6 - Sustainable Energy; 3 - Transportation and Communication; 1 - Policy Development and Governance,TRUE
M631-03,Strengthen vehicle inspection systems on emissions and fuel efficiency,Mitigation,6 - Sustainable Energy; 3 - Transportation and Communication; 1 - Policy Development and Governance,TRUE
M631-04,"Develop ordinances/policies to encourage shift from higher carbon to lower carbon transport modes (i.e. pedestrianization, bicycle lanes, public transport)",Mitigation,6 - Sustainable Energy; 3 - Transportation and Communication; 1 - Policy Development and Governance,TRUE
M633-01,Capacity building related to energy efficiency in the transport sector,Mitigation,6 - Sustainable Energy; 3 - Transportation and Communication; 3 - Knowledge Sharing and Capacity Building,TRUE
M634-01,Urban traffic management (e.g. improve traffic flow) to reduce GHG emissions per unit transported,Mitigation,6 - Sustainable Energy; 3 - Transportation and Communication; 4 - Service Delivery,TRUE
M634-02,"Improved waterways, port and aviation facilities to reduce the carbon intensity per unit transported",Mitigation,6 - Sustainable Energy; 3 - Transportation and Communication; 4 - Service Delivery,TRUE
M634-03,New railway lines for electricity based railcars,Mitigation,6 - Sustainable Energy; 3 - Transportation and Communication; 4 - Service Delivery,TRUE
M634-05,Improve energy efficiency in telecommunications information technologies,Mitigation,6 - Sustainable Energy; 3 - Transportation and Communication; 4 - Service Delivery,TRUE
M714-01,"Development of curricula or programs focused on reducing GHG emissions, energy consumption or water consumption for elementary and high school",Mitigation,7 - Knowledge and Capacity Development; 1 - Education and Climate Science; 4 - Service Delivery,TRUE
M811-01,"Introduce ordinances, programs or financial instruments to support GHG reducing activities",Mitigation,8 - Finance; 1 - Policy Development and Governance,TRUE
M811-02,Strengthen institution and policies to mobilize carbon finance,Mitigation,8 - Finance; 1 - Policy Development and Governance,TRUE
M811-03,Prepare for carbon markets or implement carbon finance market transactions,Mitigation,8 - Finance; 1 - Policy Development and Governance,TRUE
M811-04,Develop ordinances or provide incentives in housing finance to support energy saving designs and standards,Mitigation,8 - Finance; 1 - Policy Development and Governance,TRUE
M812-03,"Reduce fossil-fuel consumption through taxes, levies or fees on energy or transport services",Mitigation,"8 - Finance; 2 - Research, Development and Extension",TRUE
M813-01,Strengthen LGUs in developing policies to mobilize carbon finance,Mitigation,8 - Finance; 3 - Knowledge Sharing and Capacity Building,TRUE
M814-01,Provide lines of credit for investments in reduction of GHG emissions and/or absorption of GHGs,Mitigation,8 - Finance; 4 - Service Delivery,TRUE
M814-02,Support to access carbon markets,Mitigation,8 - Finance; 4 - Service Delivery,TRUE
M814-03,Introduce green bonds or other securities specifically targeted at reducing GHG emission or sequestering GHGs,Mitigation,8 - Finance; 4 - Service Delivery,TRUE
